{
  "id":  147,
  "icon":  "/dynamic_game_chess_classic/icon.jpg",
  "image":  "https://res.cheerfulgames2023.com/sg/res/jpg/02/a3/a435483e9eb0a9fd935be4a50f81-0459.jpg?x-oss-process=style/hq",
  "jump_type":  "webview",
  "jump_info":  {
    "url":  "http://127.0.0.1:%d/dynamic_game_chess_classic/index.html"
  },
  "publisher":  "minigame",
  "title":  "Chess Classic",
  "category":  "Classic",
  "play":  31997,
  "is_horizontal":  0,
  "banner_info":  {
    "url":  "https://res.cheerfulgames2023.com/sg/res/jpg/65/94/5a020c4f5c53d781b1d31ceb8c77-fy64.jpg?x-oss-process=style/hq"
  },
  "vertical_info":  {
    "url":  "/dynamic_game_chess_classic/vertical.jpg"
  },
  "desc":  "Enjoy the timeless game of strategy and intellect with our feature-packed Chess Master. With a range of options and customizable elements, this game offers an immersive chess experience like no other.",
  "pictures":  [
    "https://res.cheerfulgames2023.com/sg/res/jpg/65/94/5a020c4f5c53d781b1d31ceb8c77-fy64.jpg?x-oss-process=style/hq"
  ]
}